algorithm,precision,recall,f1
fmroi,0.986966365544345,1,0.993440435287849
afni,0.99035177614719,0.99514348785872,0.992741849944054
fsl,0.997600892208735,1,0.998799005446673
mricrongl,0.990674553043558,0.996247240618101,0.993453082017257
