algorithm,precision,recall,f1
fmroi,1,1,1
afni,1,1,1
fsl,1,1,1
mricrogl,1,0.996398827742883,0.998196165912806
spm,1,1,1
